Date,14_day_Avg,14_day_std,Close Price,Upper_Band,Lower_Band
2017-05-15,,,951.55,,
2017-05-16,,,955.0,,
2017-05-17,,,952.8,,
2017-05-18,,,961.75,,
2017-05-19,,,957.95,,
2017-05-22,,,961.45,,
2017-05-23,,,957.3,,
2017-05-24,,,954.8,,
2017-05-25,,,983.3,,
2017-05-26,,,995.7,,
2017-05-29,,,985.15,,
2017-05-30,,,996.2,,
2017-05-31,,,977.05,,
2017-06-01,968.6714285714286,15.98131979586109,971.4,1000.6340681631508,936.7087889797064
2017-06-02,969.95,15.203263819628644,969.45,1000.3565276392574,939.5434723607427
2017-06-05,970.2178571428573,14.950541630822059,958.75,1000.1189404045014,940.3167738812132
2017-06-06,972.1142857142859,14.238104732499508,979.35,1000.5904951792849,943.6380762492869
2017-06-07,972.0821428571429,14.26378694918943,961.3,1000.6097167555217,943.5545689587641
2017-06-08,971.9750000000001,14.383240113195802,956.45,1000.7414802263918,943.2085197736085
2017-06-09,971.0571428571429,15.475114727334804,948.6,1002.0073723118126,940.1069134024733
2017-06-12,971.5250000000002,15.122191411198369,963.85,1001.7693828223969,941.2806171776035
2017-06-13,971.7392857142859,14.886379662313736,957.8,1001.5120450389134,941.9665263896584
2017-06-14,969.9750000000003,14.874523263207147,958.6,999.7240465264146,940.225953473586
2017-06-15,966.8607142857145,13.582301529386035,952.1,994.0253173444866,939.6961112269424
2017-06-16,963.6535714285717,14.217695695122957,940.25,992.0889628188177,935.2181800383257
2017-06-19,958.9142857142859,13.57831173049678,929.85,986.0709091752796,931.7576622532923
2017-06-20,956.5214285714288,13.079089510267101,943.55,982.6796075919631,930.3632495508946
2017-06-21,954.5178571428575,12.769338383301195,943.35,980.0565339094599,928.979180376255
2017-06-22,952.4250000000002,12.53264583152572,940.15,977.4902916630516,927.3597083369488
2017-06-23,951.3178571428573,12.615277781978529,943.25,976.5484127068144,926.0873015789002
2017-06-27,947.5821428571429,11.35659088782387,927.05,970.2953246327907,924.8689610814952
2017-06-28,944.9678571428574,12.14137248519187,924.7,969.2506021132411,920.6851121724736
2017-06-29,943.0928571428574,12.258119085589025,930.2,967.6090953140355,918.5766189716793
2017-06-30,942.1607142857144,12.303223132600158,935.55,966.7671605509148,917.5542680205141
2017-07-03,941.3071428571429,11.03152575302069,951.9,963.3701943631843,919.2440913511016
2017-07-04,941.6178571428572,11.579451414248572,962.15,964.7767599713544,918.4589543143601
2017-07-05,941.0678571428572,10.872046144246983,950.9,962.8119494313512,919.3237648543632
2017-07-06,940.7035714285714,10.554774061745896,947.0,961.8131195520632,919.5940233050796
2017-07-07,940.3571428571429,10.649970334788112,935.4,961.6570835267191,919.0572021875666
2017-07-10,942.3,11.058898261998303,957.05,964.4177965239966,920.1822034760033
2017-07-11,944.5714285714286,14.16495831112969,975.35,972.9013451936879,916.2415119491692
2017-07-12,946.6428571428571,15.977109312326164,972.35,978.5970757675094,914.6886385182048
2017-07-13,949.2785714285714,17.767003927827133,977.05,984.8125792842256,913.7445635729171
2017-07-14,951.3357142857142,18.66014292726425,972.05,988.6560001402427,914.0154284311857
2017-07-17,955.4071428571427,19.165211443402487,984.05,993.7375657439477,917.0767199703378
2017-07-18,959.7571428571428,18.56119667419152,985.6,996.8795362055258,922.6347495087597
2017-07-19,963.3035714285713,17.170530033995682,979.85,997.6446314965627,928.9625113605799
2017-07-20,965.725,15.237059452834911,969.45,996.1991189056698,935.2508810943302
2017-07-21,967.7392857142858,15.132468640074958,980.1,998.0042229944356,937.4743484341359
2017-07-24,969.7678571428571,16.192039914519757,990.55,1002.1519369718966,937.3837773138176
2017-07-25,972.8357142857143,16.40955899387975,993.85,1005.6548322734737,940.0165962979548
2017-07-26,976.1964285714286,15.504335178931468,994.05,1007.2050989292915,945.1877582135656
2017-07-27,978.7428571428571,10.363969709134603,971.05,999.4707965611263,958.0149177245879
2017-07-28,981.6214285714286,9.429877115719645,997.35,1000.4811828028679,962.7616743399893
2017-07-31,984.1821428571429,12.088624772946158,1011.2,1008.3593924030353,960.0048933112506
2017-08-01,986.5535714285714,12.823078117892349,1005.55,1012.1997276643561,960.9074151927867
2017-08-02,987.7178571428573,12.632385229773236,993.35,1012.9826276024038,962.4530866833107
2017-08-03,988.5714285714287,11.873187542423818,984.0,1012.3178036562763,964.825053486581
2017-08-04,988.5500000000002,11.882242730548723,983.75,1012.3144854610977,964.7855145389027
2017-08-07,987.3107142857144,13.059997328474717,968.25,1013.4307089426638,961.190719628765
2017-08-08,986.1678571428573,14.394932430210178,963.85,1014.9577220032777,957.3779922824369
2017-08-09,986.1607142857144,14.403888077815267,969.35,1014.968490441345,957.3529381300839
2017-08-10,986.2428571428572,14.36990521277586,981.25,1014.9826675684089,957.5030467173056
2017-08-11,986.0392857142859,14.324309334556942,987.7,1014.6879043833998,957.3906670451721
2017-08-14,985.1535714285717,14.186904366157314,981.45,1013.5273801608863,956.7797626962571
2017-08-16,983.8071428571432,14.172113152553518,975.2,1012.1513691622501,955.4629165520362
2017-08-17,987.3642857142861,16.74082330219011,1020.85,1020.8459323186663,953.8826391099059
2017-08-18,982.071428571429,23.635116590863852,923.25,1029.3416617531568,934.8011953897013
2017-08-21,972.2285714285717,36.019976905374826,873.4,1044.2685252393214,900.188617617822
2017-08-22,962.9321428571432,42.89721887678321,875.4,1048.7265806107096,877.1377051035768
2017-08-23,955.7500000000002,45.736145443183254,892.8,1047.2222908863666,864.2777091136337
2017-08-24,950.6178571428574,46.349415427161304,912.15,1043.31668799718,857.9190262885347
2017-08-28,947.5642857142859,45.39714676128836,941.0,1038.3585792368626,856.7699921917092
2017-08-29,944.6500000000003,45.27649670464994,927.45,1035.2029934093002,854.0970065907004
2017-08-30,941.9928571428574,45.15444375926711,926.65,1032.3017446613917,851.6839696243231
2017-08-31,938.1071428571431,44.959408432423075,914.95,1028.0259597219892,848.188325992297
2017-09-01,933.7285714285717,43.39221710738618,919.95,1020.5130056433441,846.9441372137994
2017-09-04,927.4785714285717,41.27009866666281,900.2,1010.0187687618974,844.9383740952461
2017-09-05,921.7964285714288,38.66145697583773,901.9,999.1193425231043,844.4735146197534
2017-09-06,916.1107142857145,35.962518835435624,895.6,988.0357519565857,844.1856766148433
2017-09-07,907.1750000000002,19.88296284607808,895.75,946.9409256921564,867.409074307844
2017-09-08,904.3928571428572,20.183417195073577,884.3,944.7596915330043,864.0260227527101
2017-09-11,904.7714285714288,19.598613709666324,878.7,943.9686559907615,865.5742011520962
2017-09-12,905.3892857142858,18.718000166145995,884.05,942.8252860465778,867.9532853819939
2017-09-13,904.7428571428574,19.332404613289306,883.75,943.407666369436,866.0780479162787
2017-09-14,903.3321428571431,19.47041747352813,892.4,942.2729778041994,864.3913079100869
2017-09-15,900.9928571428574,16.30707558962607,908.25,933.6070083221096,868.3787059636052
2017-09-18,899.682142857143,14.672483497284526,909.1,929.0271098517121,870.337175862574
2017-09-19,898.6535714285717,13.051782434799483,912.25,924.7571362981706,872.5500065589728
2017-09-20,898.4928571428574,12.84793992979521,912.7,924.1887370024477,872.796977283267
2017-09-21,897.7500000000001,11.767066165952834,909.55,921.2841323319058,874.2158676680945
2017-09-22,897.6142857142858,11.747576322400091,898.3,921.109438359086,874.1191330694855
2017-09-25,897.1464285714286,11.694072533452509,895.35,920.5345736383337,873.7582835045235
2017-09-26,897.8821428571429,11.911284357910802,905.9,921.7047115729645,874.0595741413213
2017-09-27,898.1714285714286,11.904697106053497,899.8,921.9808227835356,874.3620343593216
2017-09-28,899.0071428571429,11.248604309031576,896.0,921.504351475206,876.5099342390797
2017-09-29,900.5214285714285,9.612566180343949,899.9,919.7465609321164,881.2962962107406
2017-10-03,901.9142857142857,8.375431758597307,903.55,918.6651492314803,885.1634221970911
2017-10-04,903.0464285714286,6.618112218806981,899.6,916.2826530090425,889.8102041338146
2017-10-05,903.8071428571428,5.870030046542811,903.05,915.5472029502284,892.0670827640572
2017-10-06,904.6571428571427,7.259896617801176,920.15,919.1769360927451,890.1373496215404
2017-10-09,905.7142857142856,8.858208461247594,923.9,923.4307026367808,887.9978687917903
2017-10-10,907.3714285714285,11.842341151820646,935.45,931.0561108750697,883.6867462677873
2017-10-11,908.6571428571427,13.346907696354434,930.7,935.3509582498516,881.9633274644339
2017-10-12,909.925,14.250705110762272,927.3,938.4264102215245,881.4235897784754
2017-10-13,912.1964285714286,14.779747893731383,930.1,941.7559243588913,882.6369327839658
2017-10-16,915.3142857142857,15.537218696897542,939.0,946.3887231080807,884.2398483204906
2017-10-17,917.0714285714286,15.77977910401427,930.5,948.6309867794571,885.5118703634
2017-10-18,918.825,15.060502979650321,924.35,948.9460059593007,888.7039940406994
2017-10-19,921.0357142857144,13.658632499569519,926.95,948.3529792848535,893.7184492865754
2017-10-23,923.8642857142859,13.030901565296583,939.5,949.926088844879,897.8024825836927
2017-10-24,925.5035714285716,11.649074976248116,926.5,948.8017213810679,902.2054214760753
2017-10-25,928.0535714285716,9.19051484884628,935.3,946.4346011262642,909.672541730879
2017-10-26,931.2178571428574,7.364405222810865,947.35,945.9466675884792,916.4890466972356
2017-10-27,933.089285714286,7.6585843884633205,946.35,948.4064544912127,917.7721169373593
2017-10-30,934.5321428571432,7.696892658304088,944.1,949.9259281737513,919.138357540535
2017-10-31,933.5607142857145,8.398401371954359,921.85,950.3575170296233,916.7639115418058
2017-11-01,933.3000000000002,8.549336456486161,927.05,950.3986729129725,916.2013270870278
2017-11-02,932.9857142857145,8.86202851781686,922.9,950.7097713213482,915.2616572500808
2017-11-03,932.7392857142859,8.99540862738745,926.65,950.7301029690608,914.748468459511
2017-11-06,932.0035714285716,8.864220740748184,928.7,949.732012910068,914.2751299470752
2017-11-07,933.7892857142859,10.836710730226152,955.5,955.4627071747383,912.1158642538336
2017-11-08,935.7857142857144,11.517184962072841,952.3,958.8200842098602,912.7513443615687
2017-11-09,937.7535714285715,12.22334563740526,954.5,962.200262703382,913.306880153761
2017-11-10,939.3642857142858,13.848846502528415,962.05,967.0619787193426,911.6665927092289
2017-11-13,941.1821428571429,13.69986815128816,951.95,968.5818791597193,913.7824065545666
2017-11-14,942.1678571428573,13.740487718683578,949.1,969.6488325802245,914.6868817054901
2017-11-15,942.4857142857144,13.91988655694733,951.8,970.3254873996091,914.6459411718197
2017-11-16,945.4892857142858,18.57585466065192,988.4,982.6409950355896,908.3375763929819
2017-11-17,947.407142857143,19.769117885683656,970.95,986.9453786285103,907.8689070857756
2017-11-20,950.1714285714286,18.591196368647598,960.55,987.3538213087238,912.9890358341333
2017-11-21,952.9714285714286,17.775055060888352,966.25,988.5215386932053,917.421318449652
2017-11-22,956.0714285714286,15.802150709096367,966.3,987.6757299896212,924.4671271532359
2017-11-23,960.6857142857143,15.980835019238256,991.25,992.6473843241909,928.7240442472378
2017-11-24,966.4607142857142,18.012294717470905,1009.55,1002.485303720656,930.4361248507723
2017-11-27,969.55,19.624562709484202,998.75,1008.7991254189684,930.3008745810315
2017-11-28,971.8642857142858,19.342225913702826,984.7,1010.5487375416914,933.1798338868801
2017-11-29,973.8785714285715,18.857101440181268,982.7,1011.592774308934,936.1643685482089
2017-11-30,974.882142857143,18.55054018644207,976.1,1011.9832232300271,937.7810624842589
2017-12-01,975.3714285714286,17.980745195964726,958.8,1011.3329189633581,939.4099381794991
2017-12-04,977.9607142857143,16.451597754665887,985.35,1010.8639097950461,945.0575187763825
2017-12-05,980.2857142857144,14.674093191370252,984.35,1009.633900668455,950.9375279029739
2017-12-06,980.4214285714287,14.76342562767002,990.3,1009.9482798267687,950.8945773160887
2017-12-07,982.4821428571429,15.341830789642684,999.8,1013.1658044364283,951.7984812778575
2017-12-08,985.4321428571429,14.759854688971869,1001.85,1014.9518522350867,955.9124334791992
2017-12-11,988.2214285714286,14.544225847205048,1005.3,1017.3098802658387,959.1329768770186
2017-12-12,991.3785714285715,14.21318069590704,1010.5,1019.8049328203856,962.9522100367574
2017-12-13,992.2714285714286,14.592051501861045,1003.75,1021.4555315751506,963.0873255677066
2017-12-14,992.5250000000002,14.942051527355675,1013.1,1022.4091030547115,962.6408969452889
2017-12-15,994.2500000000001,16.972092477856695,1022.9,1028.1941849557136,960.3058150442868
2017-12-18,996.5285714285716,17.716373503341064,1016.6,1031.9613184352538,961.0958244218895
2017-12-19,998.0464285714287,17.346917973715303,1003.95,1032.7402645188592,963.3525926239981
2017-12-20,1000.8857142857144,16.720236800993906,1015.85,1034.3261878877022,967.4452406837265
2017-12-21,1005.4035714285716,12.481763070201605,1022.05,1030.3670975689747,980.4400452881683
2017-12-22,1009.2607142857144,14.052801234183153,1039.35,1037.3663167540806,981.155111817348
2017-12-26,1012.9214285714287,13.73613586753613,1035.6,1040.393700306501,985.4491568363565
2017-12-27,1016.0607142857144,13.179430047373396,1034.25,1042.4195743804612,989.7018541909677
2017-12-28,1018.4500000000002,13.036059456516261,1033.25,1044.5221189130327,992.3778810869676
2017-12-29,1021.3214285714287,13.51686573657663,1042.05,1048.355160044582,994.2876970982754
2018-01-01,1023.3392857142859,13.041415959157165,1033.55,1049.4221176326002,997.2564537959715
2018-01-02,1024.7107142857144,12.589070023870393,1029.7,1049.8888543334551,999.5325742379736
2018-01-03,1025.9642857142858,11.130630443326716,1021.3,1048.2255466009392,1003.7030248276324
2018-01-04,1026.1285714285716,10.941517864848121,1015.4,1048.011607158268,1004.2455356988754
2018-01-05,1025.3500000000001,11.559295293930587,1012.0,1048.4685905878614,1002.231409412139
2018-01-08,1026.7392857142856,11.595525970280509,1036.05,1049.9303376548467,1003.5482337737246
2018-01-09,1029.4107142857142,10.16078772255537,1041.35,1049.732289730825,1009.0891388406035
2018-01-10,1032.0107142857144,11.042717380374713,1052.25,1054.0961490464638,1009.9252795249649
2018-01-11,1035.85,15.682339405545948,1075.8,1067.2146788110917,1004.485321188908
2018-01-12,1038.642857142857,19.395626560394938,1078.45,1077.434110263647,999.8516040220672
2018-01-15,1041.8964285714285,22.429157399428018,1081.15,1086.7547433702846,997.0381137725725
2018-01-16,1048.225,30.976633563430298,1122.85,1110.1782671268604,986.2717328731393
2018-01-17,1056.7142857142858,41.166628701914256,1152.1,1139.0475431181144,974.3810283104573
2018-01-18,1064.6178571428572,48.16212447054667,1152.7,1160.9421060839506,968.2936082017638
2018-01-19,1072.4678571428574,51.546284679748304,1143.45,1175.560426502354,969.3752877833608
2018-01-22,1081.0607142857145,53.84427395658729,1150.0,1188.749262198889,973.3721663725399
2018-01-23,1092.189285714286,56.57401271639739,1177.1,1205.3373111470808,979.0412602814911
2018-01-24,1104.3607142857147,57.11015394888949,1185.8,1218.5810221834936,990.1404063879357
2018-01-25,1116.032142857143,53.35611351008446,1175.4,1222.744369877312,1009.3199158369741
2018-01-29,1126.521428571429,50.79611476013879,1182.9,1228.1136580917066,1024.9291990511513
2018-01-30,1135.7571428571434,45.60884638019006,1170.65,1226.9748356175235,1044.5394500967634
2018-01-31,1142.7571428571432,38.821850791802866,1150.25,1220.4008444407489,1065.1134412735375
2018-02-01,1147.671428571429,33.71236200043325,1144.6,1215.0961525722955,1080.2467045705625
2018-02-02,1152.3000000000004,27.319780098223458,1143.25,1206.9395601964472,1097.6604398035536
2018-02-05,1156.3750000000005,18.82474588652418,1138.2,1194.0244917730488,1118.7255082269521
2018-02-06,1155.296428571429,21.17873084275334,1107.75,1197.6538902569357,1112.9389668859224
2018-02-07,1152.2214285714292,24.537473024284406,1109.05,1201.296374619998,1103.1464825228604
2018-02-08,1150.9035714285717,25.00087278696072,1134.25,1200.9053170024931,1100.9018258546503
2018-02-09,1148.4535714285719,27.357093471103926,1109.15,1203.1677583707797,1093.739384486364
2018-02-12,1145.0821428571433,29.938479273481743,1102.8,1204.9591014041068,1085.2051843101797
2018-02-14,1139.414285714286,30.90619447849837,1097.75,1201.2266746712828,1077.6018967572893
2018-02-15,1134.3178571428575,28.454360265726862,1114.45,1191.2265776743113,1077.4091366114037
2018-02-16,1130.9357142857145,25.894545227274808,1128.05,1182.724804740264,1079.146623831165
2018-02-19,1127.2821428571433,21.177551677539427,1131.75,1169.6372462122222,1084.9270395020644
2018-02-20,1124.8750000000005,17.457484068442056,1136.95,1159.7899681368845,1089.9600318631165
2018-02-21,1124.671428571429,17.152783069603476,1147.4,1158.976994710636,1090.365862432222
2018-02-22,1125.8250000000003,19.035834123282854,1160.75,1163.896668246566,1087.7533317534346
2018-02-23,1126.7107142857146,20.164011911659237,1155.65,1167.0387381090331,1086.382690462396
2018-02-26,1126.7392857142859,20.181819489629692,1138.6,1167.1029246935452,1086.3756467350265
2018-02-27,1129.7714285714287,20.2979225375546,1150.2,1170.367273646538,1089.1755834963194
2018-02-28,1134.3107142857145,22.313346976565587,1172.6,1178.9374082388458,1089.6840203325833
2018-03-01,1136.2035714285716,23.405098592182757,1160.75,1183.0137686129372,1089.3933742442061
2018-03-05,1139.5428571428574,22.56839908727561,1155.9,1184.6796553174086,1094.4060589683063
2018-03-06,1143.0107142857146,20.08124056245972,1151.35,1183.173195410634,1102.8482331607952
2018-03-07,1146.321428571429,15.295885750064468,1144.1,1176.9132000715579,1115.7296570713
2018-03-08,1149.3357142857146,12.419656079890487,1156.65,1174.1750264454956,1124.4964021259336
2018-03-09,1151.8607142857147,11.302436404652852,1163.4,1174.4655870950205,1129.255841476409
2018-03-12,1155.7178571428576,12.99835207221701,1185.75,1181.7145612872916,1129.7211529984236
2018-03-13,1159.0642857142861,13.800883870401059,1183.8,1186.6660534550883,1131.462517973484
2018-03-14,1161.4500000000003,14.498647151740355,1180.8,1190.447294303481,1132.4527056965196
2018-03-15,1163.0035714285716,15.545373591837183,1182.5,1194.094318612246,1131.9128242448971
2018-03-16,1164.164285714286,15.560730017618614,1171.9,1195.2857457495234,1133.0428256790487
2018-03-19,1164.7464285714289,14.65698132796278,1146.75,1194.0603912273543,1135.4324659155034
2018-03-20,1165.7714285714287,14.050687285208197,1164.55,1193.872803141845,1137.6700540010124
2018-03-21,1165.407142857143,13.925583224115478,1167.5,1193.258309305374,1137.555976408912
2018-03-22,1165.446428571429,13.912203611957297,1161.3,1193.2708357953436,1137.6220213475142
2018-03-23,1166.282142857143,13.643448796211425,1167.6,1193.5690404495658,1138.9952452647203
2018-03-26,1166.5607142857145,13.351810285949451,1155.25,1193.2643348576134,1139.8570937138156
2018-03-27,1167.2678571428576,12.290734583144474,1154.0,1191.8493263091466,1142.6863879765685
2018-03-28,1165.4928571428577,15.354601629761984,1131.8,1196.2020604023817,1134.7836538833337
2018-04-02,1163.6178571428577,17.129928904861593,1137.15,1197.8777149525808,1129.3579993331346
2018-04-03,1160.3821428571432,16.90468309195591,1140.45,1194.191509041055,1126.5727766732314
2018-04-04,1156.1250000000005,18.021384199373806,1124.2,1192.167768398748,1120.082231601253
2018-04-05,1153.7500000000005,16.658839187555223,1147.55,1187.067678375111,1120.43232162489
2018-04-06,1149.785714285715,15.87620896149064,1127.0,1181.5381322086962,1118.0332963627336
2018-04-09,1145.4535714285719,17.56289209018078,1111.25,1180.5793556089334,1110.3277872482104
2018-04-10,1143.0714285714291,19.52557213074366,1113.4,1182.1225728329164,1104.0202843099419
2018-04-11,1140.1928571428577,19.08107053462045,1124.25,1178.3549982120987,1102.0307160736168
2018-04-12,1139.8428571428576,18.580012597729212,1162.6,1177.002882338316,1102.682831947399
2018-04-13,1140.5678571428577,19.648963636231034,1171.45,1179.86578441532,1101.2699298703956
2018-04-16,1138.110714285715,18.098206228276556,1133.2,1174.307126742268,1101.9143018291618
2018-04-17,1135.9642857142862,17.686407520718365,1125.2,1171.337100755723,1100.5914706728495
2018-04-18,1133.9607142857149,17.06394285047598,1125.95,1168.0885999866668,1099.8328285847629
2018-04-19,1134.035714285715,17.056021140429316,1132.85,1168.1477565665734,1099.9236720048564
2018-04-20,1136.985714285715,20.797368810752467,1178.45,1178.5804519072199,1095.39097666421
2018-04-23,1140.3607142857147,24.843147782802124,1187.7,1190.047009851319,1090.6744187201105
2018-04-24,1142.5250000000003,24.646015046903802,1154.5,1191.817030093808,1093.2329699061927
2018-04-25,1143.4392857142861,25.08035684455963,1160.35,1193.5999994034055,1093.2785720251668
2018-04-26,1146.971428571429,26.05040760263902,1176.45,1199.072243776707,1094.870613366151
2018-04-27,1152.2535714285718,25.745645369545443,1185.2,1203.7448621676626,1100.762280689481
2018-04-30,1158.403571428572,26.032534853121888,1199.5,1210.4686411348157,1106.3385017223281
2018-05-02,1163.603571428572,25.956364746994154,1197.05,1215.5163009225603,1111.6908419345837
2018-05-03,1165.028571428572,26.440148043672277,1182.55,1217.9088675159164,1112.1482753412274
2018-05-04,1165.146428571429,26.47462837892302,1173.1,1218.095685329275,1112.1971718135828
2018-05-07,1168.7035714285719,25.165310863945123,1183.0,1219.0341931564622,1118.3729497006816
2018-05-08,1171.5857142857146,21.898185985382888,1165.55,1215.3820862564803,1127.789342314949
2018-05-09,1174.782142857143,17.56093355612119,1170.7,1209.9040099693855,1139.6602757449007
2018-05-10,1177.2928571428577,13.033873872787419,1168.0,1203.3606048884326,1151.2251093972827
2018-05-11,1177.4571428571433,13.064041328166331,1180.75,1203.585225513476,1151.3290602008105
2018-05-14,1177.571428571429,13.167131488984737,1189.3,1203.9056915493984,1151.2371655934594
2018-05-15,1180.4321428571432,12.074330800734806,1194.55,1204.5808044586129,1156.2834812556735
2018-05-16,1182.546428571429,10.813016804640545,1189.95,1204.1724621807102,1160.9203949621478
2018-05-17,1183.0071428571432,10.669742573898516,1182.9,1204.3466280049402,1161.6676577093463
2018-05-18,1182.864285714286,10.651497340949378,1183.2,1204.1672803961849,1161.5612910323873
2018-05-21,1181.4357142857148,9.530950161912942,1179.5,1200.4976146095407,1162.3738139618888
2018-05-22,1181.2071428571433,9.158788489383518,1193.85,1199.5247198359102,1162.8895658783763
2018-05-23,1181.3750000000005,9.206702199184717,1184.9,1199.78840439837,1162.961595601631
2018-05-24,1184.7964285714293,13.699248495465474,1221.0,1212.1949255623601,1157.3979315804984
2018-05-25,1188.0321428571435,17.93676507089956,1228.3,1223.9056729989427,1152.1586127153444
2018-05-28,1191.5214285714294,17.978242344624405,1214.4,1227.4779132606782,1155.5649438821806
2018-05-29,1194.8071428571436,18.083373761365745,1216.7,1230.973890379875,1158.6403953344122
2018-05-30,1197.9285714285722,16.828201081761367,1211.7,1231.584973592095,1164.2721692650496
2018-05-31,1201.5750000000007,18.2871723641673,1231.8,1238.1493447283353,1165.0006552716661
2018-06-01,1203.8250000000007,18.595944036677057,1220.8,1241.016888073355,1166.6331119266465
2018-06-04,1207.0285714285724,20.62745290108916,1239.4,1248.2834772307508,1165.773665626394
2018-06-05,1209.235714285715,20.310185286536992,1220.85,1249.856084858789,1168.6153437126409
2018-06-06,1213.1321428571434,20.100656391333903,1237.45,1253.3334556398113,1172.9308300744756
2018-06-07,1218.078571428572,20.680525159650898,1252.45,1259.4396217478738,1176.7175211092704
2018-06-08,1223.8321428571435,20.323798168104645,1260.05,1264.4797391933528,1183.1845465209342
2018-06-11,1228.7285714285722,20.79689061712084,1262.4,1270.322352662814,1187.1347901943304
2018-06-12,1233.985714285715,17.976709596361538,1258.5,1269.939133478438,1198.032295092992
2018-06-13,1237.828571428572,20.55300571585265,1274.8,1278.9345828602775,1196.7225599968667
2018-06-14,1238.642857142858,20.37148135868083,1239.7,1279.3858198602197,1197.8998944254963
2018-06-15,1243.4178571428579,22.019935086385217,1281.25,1287.4577273156283,1199.3779869700875
2018-06-18,1247.0392857142865,21.449584706137312,1267.4,1289.9384551265612,1204.1401163020118
2018-06-19,1249.1750000000006,19.01004542137926,1241.6,1287.195090842759,1211.1549091572422
2018-06-20,1249.985714285715,18.445704404788547,1243.15,1286.877123095292,1213.0943054761378
2018-06-21,1251.8250000000007,16.49197648741237,1246.55,1284.8089529748254,1218.841047025176
2018-06-22,1252.428571428572,16.153419669927203,1247.85,1284.7354107684264,1220.1217320887176
2018-06-25,1256.1142857142863,14.157349661937893,1272.45,1284.4289850381622,1227.7995863904105
2018-06-26,1259.0000000000005,14.177718162931363,1277.85,1287.3554363258631,1230.6445636741378
2018-06-27,1260.2535714285718,14.329091767412931,1270.0,1288.9117549633977,1231.595387893746
2018-06-28,1262.364285714286,16.333064960038254,1289.6,1295.0304156343625,1229.6981557942097
2018-06-29,1265.5642857142861,20.257718648332087,1307.2,1306.0797230109504,1225.048848417622
2018-07-02,1271.0071428571432,27.245287928108404,1334.7,1325.49771871336,1216.5165670009264
2018-07-03,1276.646428571429,35.122584583171104,1353.75,1346.8915977377712,1206.4012594050866
2018-07-04,1284.1821428571434,37.8013868647819,1345.2,1359.7849165867071,1208.5793691275796
2018-07-05,1284.3785714285718,37.79212226766726,1284.0,1359.9628159639065,1208.7943268932372
2018-07-06,1285.5821428571433,37.47680619726096,1284.25,1360.5357552516653,1210.6285304626213
2018-07-09,1289.671428571429,35.37289115369609,1298.85,1360.4172108788212,1218.925646264037
2018-07-10,1293.8321428571433,32.81309897412179,1301.4,1359.4583408053868,1228.2059449088997
2018-07-11,1299.1107142857147,30.483180599313222,1320.45,1360.077075484341,1238.1443530870883
2018-07-12,1302.4321428571434,26.776098750294228,1294.35,1355.9843403577318,1248.879945356555
2018-07-13,1305.6428571428576,25.57230967233527,1317.4,1356.787476487528,1254.4982377981871
2018-07-16,1309.5714285714291,25.19611320975732,1332.85,1359.9636549909437,1259.1792021519145
2018-07-17,1313.7071428571435,22.843201792473156,1327.9,1359.3935464420897,1268.0207392721973
2018-07-18,1316.060714285715,21.84393225528322,1322.55,1359.7485787962814,1272.3728497751486
2018-07-19,1316.7392857142863,21.694550703334603,1316.7,1360.1283871209555,1273.3501843076172
2018-07-20,1317.6964285714291,22.814599444258754,1348.1,1363.3256274599466,1272.0672296829116
2018-07-23,1317.853571428572,23.087971096231765,1355.95,1364.0295136210354,1271.6776292361085
2018-07-24,1320.1357142857148,27.210054904609418,1377.15,1374.5558240949335,1265.715604476496
2018-07-25,1327.2607142857148,29.942638613566082,1383.75,1387.1459915128469,1267.3754370585827
2018-07-26,1333.6178571428577,29.55387262885171,1373.25,1392.7256024005612,1274.5101118851542
2018-07-27,1338.9464285714294,29.528203364847514,1373.45,1398.0028353011244,1279.8900218417343
2018-07-30,1342.4892857142863,27.58862766382864,1351.0,1397.6665410419437,1287.312030386629
2018-07-31,1345.678571428572,27.4251899529572,1365.1,1400.5289513344865,1290.8281915226576
2018-08-01,1349.9428571428577,23.13624244092908,1354.05,1396.215342024716,1303.6703722609996
2018-08-02,1352.5321428571435,21.15793729169482,1353.65,1394.848017440533,1310.216268273754
2018-08-03,1354.7642857142862,20.561787079721828,1364.1,1395.88785987373,1313.6407115548425
2018-08-06,1357.103571428572,19.079937754746418,1360.65,1395.2634469380648,1318.9436959190791
2018-08-07,1360.3464285714292,16.429434939075076,1367.95,1393.2052984495795,1327.487558693279
2018-08-08,1363.6357142857148,10.591495655453587,1362.75,1384.818705596622,1342.4527229748076
2018-08-09,1365.9107142857151,10.416982779072361,1379.95,1386.7446798438598,1345.0767487275705
2018-08-10,1368.017857142858,11.201246619188561,1385.45,1390.420350381235,1345.615363904481
2018-08-13,1370.2750000000008,15.530289882866226,1408.75,1401.3355797657332,1339.2144202342683
2018-08-14,1372.0285714285721,18.306668754276966,1408.3,1408.6419089371261,1335.4152339200182
2018-08-16,1376.0500000000006,23.919030080663646,1429.55,1423.888060161328,1328.2119398386733
2018-08-17,1380.114285714286,27.939539315145208,1430.35,1435.9933643445765,1324.2352070839956
2018-08-20,1382.489285714286,26.658128927435477,1384.25,1435.805543569157,1329.1730278594152
2018-08-21,1383.8357142857149,26.18409990646558,1383.95,1436.203914098646,1331.4675144727837
2018-08-23,1386.9321428571436,24.923672768783344,1397.4,1436.7794883947104,1337.0847973195769
2018-08-24,1388.6928571428577,23.202908116325013,1378.3,1435.0986733755078,1342.2870409102077
2018-08-27,1392.3571428571436,23.0707261826124,1415.4,1438.4985952223683,1346.2156904919188
2018-08-28,1396.9321428571436,22.646188396742705,1424.7,1442.224519650629,1351.6397660636583
2018-08-29,1399.9428571428577,21.255902864688384,1410.1,1442.4546628722346,1357.4310514134809
2018-08-30,1403.7607142857148,18.709306390244713,1416.2,1441.1793270662042,1366.3421015052254
2018-08-31,1408.1285714285718,19.827474278469943,1441.1,1447.7835199855117,1368.473622871632
2018-09-03,1411.614285714286,19.8234168886825,1434.25,1451.261119491651,1371.9674519369212
2018-09-04,1363.6428571428576,181.40156035409632,737.15,1726.4459778510502,1000.8397364346649
2018-09-05,1315.185714285715,247.22261256777264,729.9,1809.6309394212603,820.7404891501697
2018-09-06,1265.0142857142866,289.82934795162805,727.15,1844.6729816175427,685.3555898110305
2018-09-07,1215.1892857142866,317.82607494482767,732.8,1850.841435603942,579.5371358246313
2018-09-10,1168.517857142858,338.3992053131826,730.85,1845.3162677692233,491.7194465164928
2018-09-11,1122.1142857142863,350.8966916939492,734.3,1823.9076691021846,420.3209023263879
2018-09-12,1075.3642857142866,354.9749419263347,742.9,1785.314169566956,365.4144018616172
2018-09-14,1029.3214285714296,354.4637264257779,733.7,1738.2488814229855,320.39397571987377
2018-09-17,980.075000000001,344.45090570690644,725.95,1668.9768114138137,291.1731885861881
2018-09-18,929.675000000001,325.488728831206,719.1,1580.6524576624129,278.69754233758897
2018-09-19,880.3642857142867,298.26118357301243,719.75,1476.8866528603116,283.8419185682618
2018-09-21,829.5857142857151,257.78727696462414,705.3,1345.1602682149633,314.0111603564668
2018-09-24,777.9535714285722,189.13350338226462,718.25,1156.2205781931016,399.686564664043
2018-09-25,727.3785714285723,9.499265443016029,726.2,746.3771023146044,708.3800405425402
2018-09-26,726.0000000000009,9.371704549049877,717.85,744.7434090981006,707.2565909019012
2018-09-27,725.6357142857152,9.307346737794814,724.8,744.2504077613048,707.0210208101255
2018-09-28,725.842857142858,9.375661148892817,730.05,744.5941794406435,707.0915348450724
2018-10-01,726.8321428571437,10.790212929121441,746.65,748.4125687153866,705.2517169989009
2018-10-03,726.6642857142866,10.741068357076227,728.5,748.1464224284391,705.1821490001341
2018-10-04,724.7285714285724,11.661618740517525,707.2,748.0518089096074,701.4053339475374
2018-10-05,723.4214285714296,10.428542827037031,724.6,744.2785142255036,702.5643429173556
2018-10-08,722.0464285714296,10.236350466839404,714.45,742.5191295051084,701.5737276377508
2018-10-09,721.4607142857152,10.230406762603131,717.75,741.9215278109215,700.9999007605089
2018-10-10,720.1285714285724,11.673864864729536,700.45,743.4763011580314,696.7808416991134
2018-10-11,716.8142857142867,17.110359306725467,673.35,751.0350043277376,682.5935671008358
2018-10-12,714.9214285714296,19.745074500589293,678.8,754.4115775726082,675.431279570251
2018-10-15,713.5321428571439,20.17249276332926,698.8,753.8771283838024,673.1871573304853
2018-10-16,711.3214285714295,20.372348475775773,695.25,752.066125522981,670.5767316198779
2018-10-17,710.4285714285724,20.338100984340063,705.35,751.1047733972525,669.7523694598922
2018-10-19,707.4821428571438,21.07071981488415,683.55,749.6235824869121,665.3407032273755
2018-10-22,703.9035714285725,21.197064966350617,679.95,746.2977013612738,661.5094414958712
2018-10-23,697.5428571428582,20.73912001271956,657.6,739.0210971682974,656.0646171174191
2018-10-24,691.9214285714296,22.309145367625895,649.8,736.5397193066814,647.3031378361778
2018-10-25,687.7464285714295,24.583268734024298,648.75,736.9129660394781,638.579891103381
2018-10-26,681.2464285714295,26.074644803894618,633.6,733.3957181792188,629.0971389636403
2018-10-29,676.267857142858,25.900754422820523,644.75,728.069365988499,624.466348297217
2018-10-30,672.1142857142867,23.26528801400408,659.6,718.6448617422948,625.5837096862786
2018-10-31,671.1107142857152,22.22892414585682,686.4,715.5685625774288,626.6528659940016
2018-11-01,670.6357142857152,22.248434936952208,666.7,715.1325841596196,626.1388444118107
2018-11-02,669.4535714285723,22.22093143765546,662.25,713.8954343038832,625.0117085532614
2018-11-05,667.1107142857153,20.55550813860145,666.0,708.2217305629182,625.9996980085124
2018-11-06,665.0535714285725,18.89698250523473,666.45,702.847536439042,627.259606418103
2018-11-07,662.9214285714296,15.35209474917892,675.5,693.6256180697875,632.2172390730717
2018-11-09,661.2035714285724,14.166000253697947,659.5,689.5355719359684,632.8715709211765
2018-11-12,660.0785714285724,13.151816404065038,664.2,686.3822042367025,633.7749386204424
2018-11-13,660.657142857144,13.212419232637915,665.7,687.0819813224198,634.2323043918682
2018-11-14,660.9000000000012,13.027456213151249,653.2,686.9549124263037,634.8450875736987
2018-11-15,661.4464285714297,12.633098534104175,656.4,686.7126256396381,636.1802315032213
2018-11-16,662.6785714285726,10.341639400765231,650.85,683.3618502301031,641.9952926270421
2018-11-19,663.1750000000012,9.551434648633004,651.7,682.2778692972672,644.0721307027352
2018-11-20,661.8750000000011,11.175862554948953,641.4,684.226725109899,639.5232748901033
2018-11-21,657.0678571428583,13.946058267831756,619.1,684.9599736785218,629.1757406071948
2018-11-22,653.7857142857155,16.649779723351894,620.75,687.0852737324193,620.4861548390116
2018-11-26,650.8714285714298,18.519944698873523,621.45,687.9113179691768,613.8315391736827
2018-11-27,648.9357142857154,18.231064239305674,638.9,685.3978427643268,612.4735858071041
2018-11-28,648.932142857144,18.22737382604508,666.4,685.3868905092341,612.4773952050538
2018-11-29,647.9000000000011,16.973191531654244,661.05,681.8463830633096,613.9536169366926
2018-11-30,648.4678571428583,17.515461380267002,667.45,683.4987799033923,613.4369343823242
2018-12-03,648.907142857144,18.010497549457334,670.35,684.9281379560587,612.8861477582293
2018-12-04,650.3035714285725,20.054574236397574,685.25,690.4127199013676,610.1944229557773
2018-12-05,652.3178571428581,21.715313695686675,681.4,695.7484845342315,608.8872297514847
2018-12-06,653.1821428571438,22.127172706403282,668.5,697.4364882699504,608.9277974443373
2018-12-07,655.4642857142866,23.474728052606448,682.8,702.4137418194995,608.5148296090737
2018-12-10,656.7142857142866,23.723474487503086,669.2,704.1612346892928,609.2673367392804
2018-12-11,659.0785714285723,23.729223416644018,674.5,706.5370182618603,611.6201245952843
2018-12-12,663.3214285714295,21.207525100305148,678.5,705.7364787720397,620.9063783708192
2018-12-13,668.8214285714295,19.208108406929785,697.75,707.237645385289,630.4052117575699
2018-12-14,674.8642857142866,16.23637213852602,706.05,707.3370299913386,642.3915414372345
2018-12-17,678.8285714285722,13.287511694590554,694.4,705.4035948177533,652.2535480393911
2018-12-18,679.5571428571437,12.825213405710295,676.6,705.2075696685644,653.9067160457231
2018-12-19,679.8285714285723,12.43776374730918,664.85,704.7040989231907,654.953043933954
2018-12-20,679.8000000000009,12.468807234337435,667.05,704.7376144686757,654.862385531326
2018-12-21,678.0750000000008,15.239432025585923,646.2,708.5538640511727,647.596135948829
2018-12-24,675.4857142857152,16.914120507090914,649.0,709.313955299897,641.6574732715334
2018-12-26,672.817857142858,18.754933783133374,644.05,710.3277247091247,635.3079895765912
2018-12-27,671.9821428571437,19.217115840045285,656.8,710.4163745372342,633.5479111770532
2018-12-28,670.1357142857152,19.339233026851574,656.95,708.8141803394183,631.457248232012
2018-12-31,669.4035714285723,19.57002677062891,658.95,708.54362496983,630.2635178873145
2019-01-01,668.7285714285723,19.543676080159806,665.05,707.8159235888919,629.6412192682527
2019-01-02,668.0535714285722,19.342385346178432,669.05,706.7383421209291,629.3688007362153
2019-01-03,666.010714285715,17.37496185467733,669.15,700.7606379950697,631.2607905763604
2019-01-04,662.7964285714294,13.012958988996392,661.05,688.8223465494222,636.7705105934366
2019-01-07,661.1750000000009,9.786426038975607,671.7,680.7478520779521,641.6021479220497
2019-01-08,660.7071428571436,9.126606437000635,670.05,678.9603557311449,642.4539299831423
2019-01-09,661.510714285715,9.975242016996763,676.1,681.4611983197086,641.5602302517215
2019-01-10,662.4142857142866,11.032494462581251,679.7,684.4792746394492,640.3492967891241
2019-01-11,665.0785714285722,11.31586215295504,683.5,687.7102957344823,642.4468471226621
2019-01-14,668.8571428571437,14.038530182012005,701.9,696.9342032211676,640.7800824931197
2019-01-15,674.7535714285723,19.203640122564256,726.6,713.1608516737008,636.3462911834438
2019-01-16,680.467857142858,24.595845546204902,736.8,729.6595482352677,631.2761660504482
2019-01-17,685.9250000000009,27.30304118030063,733.35,740.5310823606021,631.3189176393996
2019-01-18,691.067857142858,28.58219326746796,730.95,748.2322436777939,633.903470607922
2019-01-21,696.7785714285723,30.878693888579363,745.0,758.5359592057309,635.0211836514136
2019-01-22,702.2285714285724,32.30848134830552,745.35,766.8455341251835,637.6116087319614
2019-01-23,706.6928571428581,31.69846427452696,731.65,770.089785691912,643.2959285938042
2019-01-24,711.7607142857153,29.430388393458564,732.0,770.6214910726324,652.8999374987982
2019-01-25,715.950000000001,27.3930367345291,730.35,770.7360734690592,661.1639265309427
2019-01-28,720.0857142857154,24.103386520549954,727.95,768.2924873268154,671.8789412446155
2019-01-29,723.7857142857154,20.545095134038952,727.9,764.8759045537932,682.6955240176375
2019-01-30,727.0857142857152,16.16209274070066,725.9,759.4098997671165,694.7615288043139
2019-01-31,731.8035714285724,11.398675096553955,749.55,754.6009216216803,709.0062212354644
2019-02-01,735.742857142858,9.66752806573861,757.05,755.0779132743353,716.4078010113808
2019-02-04,737.8357142857151,10.65685818496075,755.9,759.1494306556366,716.5219979157936
2019-02-05,739.1250000000009,11.574287650482864,754.85,762.2735753009666,715.9764246990352
2019-02-06,741.2642857142865,13.092987385698054,763.3,767.4502604856826,715.0783109428904
2019-02-07,743.6250000000008,14.035802435226973,764.0,771.6966048704547,715.5533951295469
2019-02-08,744.760714285715,14.7792106921188,760.9,774.3191356699526,715.2022929014774
2019-02-11,746.0071428571435,15.548545036368184,762.8,777.1042329298799,714.9100527844072
2019-02-12,747.3500000000007,15.01591463442722,750.45,777.3818292688552,717.3181707311462
2019-02-13,748.9857142857151,14.45186211815028,754.9,777.8894385220157,720.0819900494145
2019-02-14,749.6785714285721,13.702803114236152,740.05,777.0841776570444,722.2729652000999
2019-02-15,750.6785714285721,12.44856671217683,741.95,775.5757048529258,725.7814380042184
2019-02-18,751.6178571428578,11.010704706446793,741.05,773.6392665557514,729.5964477299642
2019-02-19,751.5035714285721,11.302611411792256,724.3,774.1087942521566,728.8983486049875
2019-02-20,750.8714285714293,11.662047489572966,740.7,774.1955235505752,727.5473335922834
2019-02-21,749.1857142857151,12.38358759644998,733.45,773.952889478615,724.4185390928152
2019-02-22,747.6892857142866,12.769603008305427,734.95,773.2284917308974,722.1500796976758
2019-02-25,747.692857142858,12.771766595844678,754.9,773.2363903345473,722.1493239511686
2019-02-26,746.2071428571437,12.003250475547759,742.5,770.2136438082392,722.2006419060482
2019-02-27,744.1535714285723,11.15432762321402,735.25,766.4622266750004,721.8449161821442
2019-02-28,742.2535714285723,10.316369820070467,734.3,762.8863110687132,721.6208317884314
2019-03-01,740.7607142857152,8.459523049233253,741.9,757.6797603841817,723.8416681872486
2019-03-05,739.4785714285723,8.235329947330037,732.5,755.9492313232324,723.0079115339122
2019-03-06,737.8785714285723,7.107463960990541,732.5,752.0934993505533,723.6636435065913
2019-03-07,736.6571428571439,8.104933377621524,722.95,752.8670096123869,720.4472761019008
2019-03-08,734.5428571428581,10.206367867938525,712.35,754.9555928787352,714.1301214069811
2019-03-11,732.4142857142867,11.737488077709562,711.25,755.8892618697058,708.9393095588676
2019-03-12,731.1750000000011,13.450990097986663,706.95,758.0769801959744,704.2730198040277
2019-03-13,728.8714285714296,14.42084114541921,708.45,757.7131108622681,700.0297462805912
2019-03-14,727.0785714285724,15.338873620862913,708.35,757.7563186702982,696.4008241868466
2019-03-15,725.9071428571439,15.317710427737422,718.55,756.5425637126187,695.271722001669
2019-03-18,722.7142857142868,13.340589142991012,710.2,749.3954640002688,696.0331074283048
2019-03-19,721.2678571428581,12.067368700897955,722.25,745.402594544654,697.1331197410623
2019-03-20,721.532142857144,12.432148263286365,738.95,746.3964393837167,696.6678463305713
2019-03-22,722.1607142857155,13.318237619800746,743.1,748.797189525317,695.524239046114
2019-03-25,721.6857142857154,12.662519322992928,735.25,747.0107529317013,696.3606756397296
2019-03-26,721.3464285714298,12.411617763018644,727.75,746.169664097467,696.5231930453925
2019-03-27,721.1464285714299,12.23942972979808,729.7,745.625288031026,696.6675691118337
2019-03-28,722.207142857144,13.025963084796725,737.8,748.2590690267375,696.1552166875506
2019-03-29,724.457142857144,13.884577181796038,743.85,752.2262972207361,696.687988493552
2019-04-01,727.5892857142869,15.525093565596986,755.1,758.6394728454809,696.5390985830929
2019-04-02,731.3357142857154,16.4616387231436,759.4,764.2589917320026,698.4124368394282
2019-04-03,734.5392857142867,16.02355451987148,753.3,766.5863947540297,702.4921766745438
2019-04-04,737.3642857142867,14.461373333195446,747.9,766.2870323806776,708.4415390478957
2019-04-05,740.2750000000009,14.484192311751743,759.3,769.2433846235044,711.3066153764973
2019-04-08,744.3500000000009,13.353075128424068,767.25,771.056150256849,717.6438497431528
2019-04-09,747.0892857142866,12.367951428114052,760.6,771.8251885705147,722.3533828580585
2019-04-10,748.0714285714295,12.216913154871829,752.7,772.5052548811731,723.6376022616859
2019-04-11,748.0428571428581,12.229894916598548,742.7,772.5026469760552,723.583067309661
2019-04-12,748.9357142857152,11.667450261522724,747.75,772.2706148087607,725.6008137626698
2019-04-15,748.9178571428581,11.70250806689131,727.5,772.3228732766407,725.5128410090755
2019-04-16,748.517857142858,12.479808417302738,724.1,773.4774739774635,723.5582403082525
2019-04-18,747.0357142857152,14.85647267087635,717.05,776.748659627468,717.3227689439625
2019-04-22,745.4071428571436,16.401850940867437,721.05,778.2108447388786,712.6034409754087
2019-04-23,743.4857142857152,16.75092911973395,728.2,776.987572525183,709.9838560462473
2019-04-24,741.8464285714296,16.18720368647846,736.45,774.2208359443865,709.4720211984726
2019-04-25,740.0785714285723,16.191613620917593,728.55,772.4617986704075,707.6953441867372
2019-04-26,739.3714285714295,16.039215335301254,738.0,771.4498592420321,707.292997900827
2019-04-30,738.8035714285725,15.407683701118183,751.35,769.6189388308088,707.9882040263361
2019-05-02,736.200000000001,13.144507481218875,730.8,762.4890149624387,709.9109850375633
2019-05-03,733.5571428571438,11.474819541815553,723.6,756.506781940775,710.6075037735127
2019-05-06,731.1071428571438,10.709393022102352,718.4,752.5259289013485,709.6883568129391
2019-05-07,729.8107142857151,10.28836494771944,724.55,750.387444181154,709.2339843902762
2019-05-08,727.7821428571436,9.223936401993257,719.35,746.2300156611302,709.3342700531571
2019-05-09,727.3214285714294,9.398541504847815,721.05,746.118511581125,708.5243455617338
2019-05-10,726.8035714285722,9.78162453645581,716.85,746.3668205014839,707.2403223556606
2019-05-13,726.992857142858,9.602360630131262,719.7,746.1975784031206,707.7881358825955
